{
  "lang":"en",
  "name":"pipeline",
  "version":"0.0.0",
  "spacy_version":">=3.1.3,<3.2.0",
  "description":"",
  "author":"",
  "email":"",
  "url":"",
  "license":"",
  "spacy_git_version":"8bda39f08",
  "vectors":{
    "width":0,
    "vectors":0,
    "keys":0,
    "name":null
  },
  "labels":{
    "tok2vec":[

    ],
    "ner":[
      "B",
      "DES",
      "EMAIL",
      "I",
      "NAME",
      "ORG",
      "PHONE",
      "WEB"
    ]
  },
  "pipeline":[
    "tok2vec",
    "ner"
  ],
  "components":[
    "tok2vec",
    "ner"
  ],
  "disabled":[

  ],
  "performance":{
    "ents_f":0.6139534884,
    "ents_p":0.6910994764,
    "ents_r":0.5523012552,
    "ents_per_type":{
      "B-PHONE":{
        "p":0.7307692308,
        "r":0.5588235294,
        "f":0.6333333333
      },
      "I-PHONE":{
        "p":0.5909090909,
        "r":0.4642857143,
        "f":0.52
      },
      "B-NAME":{
        "p":0.7142857143,
        "r":0.4761904762,
        "f":0.5714285714
      },
      "I-NAME":{
        "p":0.7894736842,
        "r":0.46875,
        "f":0.5882352941
      },
      "B-DES":{
        "p":0.5454545455,
        "r":0.4285714286,
        "f":0.48
      },
      "B-EMAIL":{
        "p":0.6923076923,
        "r":0.6923076923,
        "f":0.6923076923
      },
      "B-WEB":{
        "p":0.8,
        "r":0.7272727273,
        "f":0.7619047619
      },
      "I-DES":{
        "p":0.625,
        "r":0.5555555556,
        "f":0.5882352941
      },
      "B-ORG":{
        "p":0.6875,
        "r":0.5789473684,
        "f":0.6285714286
      },
      "I-ORG":{
        "p":0.68,
        "r":0.7234042553,
        "f":0.7010309278
      },
      "I-EMAIL":{
        "p":1.0,
        "r":0.1666666667,
        "f":0.2857142857
      },
      "I-DE":{
        "p":0.0,
        "r":0.0,
        "f":0.0
      },
      "EMAIL":{
        "p":0.0,
        "r":0.0,
        "f":0.0
      },
      "ORG":{
        "p":0.0,
        "r":0.0,
        "f":0.0
      },
      "I-WEB":{
        "p":1.0,
        "r":1.0,
        "f":1.0
      },
      "PHONE":{
        "p":0.0,
        "r":0.0,
        "f":0.0
      }
    },
    "tok2vec_loss":708.7112600048,
    "ner_loss":479.6669715625
  }
}