{
  "lang":"en",
  "name":"pipeline",
  "version":"0.0.0",
  "spacy_version":">=3.1.3,<3.2.0",
  "description":"",
  "author":"",
  "email":"",
  "url":"",
  "license":"",
  "spacy_git_version":"8bda39f08",
  "vectors":{
    "width":0,
    "vectors":0,
    "keys":0,
    "name":null
  },
  "labels":{
    "tok2vec":[

    ],
    "ner":[
      "B",
      "DES",
      "EMAIL",
      "I",
      "NAME",
      "ORG",
      "PHONE",
      "WEB"
    ]
  },
  "pipeline":[
    "tok2vec",
    "ner"
  ],
  "components":[
    "tok2vec",
    "ner"
  ],
  "disabled":[

  ],
  "performance":{
    "ents_f":0.6293706294,
    "ents_p":0.7105263158,
    "ents_r":0.5648535565,
    "ents_per_type":{
      "B-PHONE":{
        "p":0.7142857143,
        "r":0.5882352941,
        "f":0.6451612903
      },
      "B-NAME":{
        "p":0.7,
        "r":0.3333333333,
        "f":0.4516129032
      },
      "I-NAME":{
        "p":0.9375,
        "r":0.46875,
        "f":0.625
      },
      "B-DES":{
        "p":0.8,
        "r":0.5714285714,
        "f":0.6666666667
      },
      "B-EMAIL":{
        "p":0.7692307692,
        "r":0.7692307692,
        "f":0.7692307692
      },
      "B-WEB":{
        "p":0.7272727273,
        "r":0.7272727273,
        "f":0.7272727273
      },
      "I-PHONE":{
        "p":0.5454545455,
        "r":0.4285714286,
        "f":0.48
      },
      "I-DES":{
        "p":0.8571428571,
        "r":0.6666666667,
        "f":0.75
      },
      "I-ORG":{
        "p":0.679245283,
        "r":0.7659574468,
        "f":0.72
      },
      "B-ORG":{
        "p":0.6,
        "r":0.4736842105,
        "f":0.5294117647
      },
      "I-EMAIL":{
        "p":0.75,
        "r":0.5,
        "f":0.6
      },
      "I-DE":{
        "p":0.0,
        "r":0.0,
        "f":0.0
      },
      "EMAIL":{
        "p":0.0,
        "r":0.0,
        "f":0.0
      },
      "ORG":{
        "p":0.0,
        "r":0.0,
        "f":0.0
      },
      "I-WEB":{
        "p":1.0,
        "r":1.0,
        "f":1.0
      },
      "PHONE":{
        "p":0.0,
        "r":0.0,
        "f":0.0
      }
    },
    "tok2vec_loss":785.5652438798,
    "ner_loss":1481.4077158655
  }
}